location_id,pm2_5,pm10,no2,so2,o3,co,aqi,timestamp
12.0,21.14,26.22,5.13,2.29,51.28,339.7,2.0,2025-09-30 22:52:07
13.0,12.98,19.8,9.31,1.32,53.08,434.41,2.0,2025-09-30 22:52:08
15.0,13.88,22.3,11.52,1.53,44.71,481.41,2.0,2025-09-30 22:52:10
16.0,15.05,22.42,10.44,1.53,51.27,456.54,2.0,2025-09-30 22:52:11
17.0,13.88,22.3,11.52,1.53,44.71,481.41,2.0,2025-09-30 22:52:12
22.0,51.62,62.07,8.96,3.05,19.51,439.46,4.0,2025-09-30 22:52:13
50.0,12.98,19.8,9.31,1.32,53.08,434.41,2.0,2025-09-30 22:52:15
103.0,15.05,22.42,10.44,1.53,51.27,456.54,2.0,2025-09-30 22:52:16
235.0,15.05,22.42,10.44,1.53,51.27,456.54,2.0,2025-09-30 22:52:17
236.0,15.05,22.42,10.44,1.53,51.27,456.54,2.0,2025-09-30 22:52:18
286.0,20.99,28.31,4.95,1.93,22.36,269.42,2.0,2025-09-30 22:52:20
301.0,13.88,22.3,11.52,1.53,44.71,481.41,2.0,2025-09-30 22:52:21
346.0,12.51,21.26,10.96,1.25,47.53,427.12,2.0,2025-09-30 22:52:22
354.0,17.43,25.25,7.9,1.91,41.35,438.3,2.0,2025-09-30 22:52:23
378.0,21.07,32.98,23.06,4.84,17.18,443.57,2.0,2025-09-30 22:52:25
407.0,5.67,9.13,8.94,4.86,34.96,166.86,1.0,2025-09-30 22:52:26
412.0,2.25,4.35,5.08,1.36,26.79,145.49,1.0,2025-09-30 22:52:27
431.0,15.05,22.42,10.44,1.53,51.27,456.54,2.0,2025-09-30 22:52:28
594.0,5.47,10.55,11.21,3.12,23.23,214.01,1.0,2025-09-30 22:49:09
697.0,5.14,6.55,0.58,0.31,45.35,132.35,1.0,2025-09-30 22:52:31
703.0,11.38,15.61,4.6,3.26,68.1,170.2,2.0,2025-09-30 22:52:32
716.0,9.85,11.62,0.99,1.53,62.72,159.85,2.0,2025-09-30 22:52:33
797.0,7.04,13.54,13.98,3.83,19.92,247.1,1.0,2025-09-30 22:52:34
854.0,6.87,10.77,3.51,1.2,25.12,184.33,1.0,2025-09-30 22:52:36
860.0,27.41,32.26,8.18,1.67,34.14,351.81,3.0,2025-09-30 22:52:37
910.0,8.29,9.7,0.72,1.07,57.2,147.56,1.0,2025-09-30 22:50:58
985.0,70.68,97.25,16.15,4.7,10.76,750.91,4.0,2025-09-30 22:52:39
2345.0,4.71,6.03,3.9,0.56,53.83,170.53,1.0,2025-09-30 22:52:41
2445.0,45.08,53.92,7.26,2.41,22.06,388.49,3.0,2025-09-30 22:52:42
2456.0,17.43,25.25,7.9,1.91,41.35,438.3,2.0,2025-09-30 22:52:43
2459.0,6.14,9.63,7.93,3.8,36.12,168.72,1.0,2025-09-30 22:52:44
2460.0,8.29,9.7,0.72,1.07,57.2,147.56,1.0,2025-09-30 22:52:45
2461.0,30.03,42.7,22.47,5.56,24.67,438.43,3.0,2025-09-30 22:52:47
2463.0,17.43,25.25,7.9,1.91,41.35,438.3,2.0,2025-09-30 22:52:48
2503.0,12.98,19.8,9.31,1.32,53.08,434.41,2.0,2025-09-30 22:52:49
2549.0,26.37,38.44,21.25,5.39,27.24,413.71,3.0,2025-09-30 22:52:50
2583.0,72.91,92.09,18.39,5.16,39.54,619.26,4.0,2025-09-30 22:52:52
2585.0,2.32,3.85,1.68,0.5,40.58,87.31,1.0,2025-09-30 22:52:53
2586.0,30.03,42.7,22.47,5.56,24.67,438.43,3.0,2025-09-30 22:52:54
2587.0,14.85,22.94,11.44,1.56,45.48,485.18,2.0,2025-09-30 22:52:55
2589.0,7.04,13.54,13.98,3.83,19.92,247.1,1.0,2025-09-30 22:52:57
2591.0,23.85,27.91,4.15,1.27,35.7,279.52,2.0,2025-09-30 22:52:58
2592.0,5.47,10.55,11.21,3.12,23.23,214.01,1.0,2025-09-30 22:52:59
2593.0,40.58,53.95,7.29,1.94,15.67,394.84,3.0,2025-09-30 22:53:00
2594.0,6.14,9.63,7.93,3.8,36.12,168.72,1.0,2025-09-30 22:53:02
2595.0,21.14,26.22,5.13,2.29,51.28,339.7,2.0,2025-09-30 22:53:03
2596.0,1.8,3.62,4.74,1.07,27.23,125.61,1.0,2025-09-30 22:53:04
2597.0,13.88,22.3,11.52,1.53,44.71,481.41,2.0,2025-09-30 22:53:05
2598.0,1.97,5.22,0.09,0.25,43.89,74.07,1.0,2025-09-30 22:53:07
3459.0,94.79,134.44,30.09,9.86,6.42,1134.18,5.0,2025-09-30 22:53:08
3460.0,94.79,134.44,30.09,9.86,6.42,1134.18,5.0,2025-09-30 22:53:09
5404.0,12.98,19.8,9.31,1.32,53.08,434.41,2.0,2025-09-30 22:53:10
5408.0,10.72,15.49,7.04,2.41,33.67,202.97,2.0,2025-09-30 22:53:12
5443.0,7.21,10.59,4.13,1.52,42.15,178.61,1.0,2025-09-30 22:53:13
5505.0,8.53,11.56,4.22,1.22,27.73,256.96,1.0,2025-09-30 22:53:14
5509.0,15.05,22.42,10.44,1.53,51.27,456.54,2.0,2025-09-30 22:53:15
5540.0,12.98,19.8,9.31,1.32,53.08,434.41,2.0,2025-09-30 22:53:17
5541.0,15.05,22.42,10.44,1.53,51.27,456.54,2.0,2025-09-30 22:53:18
5542.0,104.69,123.31,12.6,4.29,37.68,611.58,5.0,2025-09-30 22:53:19
5544.0,49.66,65.73,13.31,2.86,52.11,468.11,3.0,2025-09-30 22:53:20
5546.0,44.35,58.65,9.81,3.19,11.28,434.08,3.0,2025-09-30 22:53:21
5547.0,5.47,10.55,11.21,3.12,23.23,214.01,1.0,2025-09-30 22:53:23
5548.0,7.04,13.54,13.98,3.83,19.92,247.1,1.0,2025-09-30 22:53:24
5551.0,115.6,136.0,10.11,3.34,55.38,676.42,5.0,2025-09-30 22:53:25
5552.0,12.51,21.26,10.96,1.25,47.53,427.12,2.0,2025-09-30 22:53:26
5558.0,21.07,32.98,23.06,4.84,17.18,443.57,2.0,2025-09-30 22:53:28
5559.0,20.99,28.31,4.95,1.93,22.36,269.42,2.0,2025-09-30 22:53:29
5565.0,6.87,10.77,3.51,1.2,25.12,184.33,1.0,2025-09-30 22:53:30
5566.0,27.59,34.29,7.36,2.23,10.66,329.28,3.0,2025-09-30 22:53:32
5569.0,75.21,92.37,13.77,4.8,35.88,525.71,5.0,2025-09-30 22:53:37
5570.0,13.88,22.3,11.52,1.53,44.71,481.41,2.0,2025-09-30 22:53:39
5574.0,7.04,13.54,13.98,3.83,19.92,247.1,1.0,2025-09-30 22:52:34
5576.0,21.22,35.86,14.57,1.73,32.45,441.05,2.0,2025-09-30 22:53:42
5581.0,12.98,19.8,9.31,1.32,53.08,434.41,2.0,2025-09-30 22:53:43
5585.0,9.45,15.1,11.65,11.7,42.64,183.92,1.0,2025-09-30 22:53:44
5586.0,14.85,22.94,11.44,1.56,45.48,485.18,2.0,2025-09-30 22:53:45
5587.0,11.38,15.61,4.6,3.26,68.1,170.2,2.0,2025-09-30 22:53:47
5588.0,16.92,30.67,18.42,2.28,22.04,608.51,2.0,2025-09-30 22:53:48
5590.0,23.85,27.91,4.15,1.27,35.7,279.52,2.0,2025-09-30 22:53:49
5592.0,5.23,8.65,6.74,7.24,27.78,146.88,1.0,2025-09-30 22:53:50
5593.0,1.97,5.22,0.09,0.25,43.89,74.07,1.0,2025-09-30 22:53:52
5594.0,68.49,95.33,16.22,4.43,8.46,731.48,4.0,2025-09-30 22:53:53
5596.0,10.72,15.49,7.04,2.41,33.67,202.97,2.0,2025-09-30 22:53:12
5598.0,14.85,22.94,11.44,1.56,45.48,485.18,2.0,2025-09-30 22:53:55
5599.0,4.66,7.33,7.19,3.42,37.1,152.18,1.0,2025-09-30 22:53:56
5601.0,34.03,57.93,23.83,5.12,25.92,719.96,3.0,2025-09-30 22:53:58
5602.0,68.05,84.45,16.93,13.74,14.49,580.67,4.0,2025-09-30 22:53:59
5603.0,4.82,6.54,3.49,1.97,50.66,145.69,1.0,2025-09-30 22:54:00
5604.0,17.43,25.25,7.9,1.91,41.35,438.3,2.0,2025-09-30 22:54:01
5607.0,2.25,4.35,5.08,1.36,26.79,145.49,1.0,2025-09-30 22:54:03
5608.0,28.89,34.51,6.95,1.62,13.24,436.71,3.0,2025-09-30 22:54:04
5609.0,8.1,10.08,6.24,3.85,34.16,204.95,1.0,2025-09-30 22:54:05
5610.0,12.98,19.8,9.31,1.32,53.08,434.41,2.0,2025-09-30 22:54:06
5611.0,4.57,8.65,5.73,1.72,18.08,197.88,1.0,2025-09-30 22:54:07
5612.0,4.71,6.03,3.9,0.56,53.83,170.53,1.0,2025-09-30 22:54:09
5613.0,15.05,22.42,10.44,1.53,51.27,456.54,2.0,2025-09-30 22:54:10
5614.0,8.29,9.7,0.72,1.07,57.2,147.56,1.0,2025-09-30 22:54:11
5615.0,62.83,77.97,18.86,19.57,10.83,574.37,4.0,2025-09-30 22:54:13
5616.0,15.05,22.42,10.44,1.53,51.27,456.54,2.0,2025-09-30 22:54:14
5617.0,14.85,22.94,11.44,1.56,45.48,485.18,2.0,2025-09-30 22:52:55
5619.0,32.55,36.58,5.72,1.31,20.18,311.7,3.0,2025-09-30 22:54:16
5621.0,6.65,10.22,5.26,1.23,22.46,202.17,1.0,2025-09-30 22:54:17
5622.0,12.98,19.8,9.31,1.32,53.08,434.41,2.0,2025-09-30 22:54:19
5623.0,4.66,7.33,7.19,3.42,37.1,152.18,1.0,2025-09-30 22:54:20
5624.0,4.66,7.33,7.19,3.42,37.1,152.18,1.0,2025-09-30 22:54:21
5625.0,66.04,83.1,13.87,3.45,37.89,524.54,4.0,2025-09-30 22:54:22
5626.0,12.98,19.8,9.31,1.32,53.08,434.41,2.0,2025-09-30 22:54:24
5627.0,14.85,22.94,11.44,1.56,45.48,485.18,2.0,2025-09-30 22:54:25
5628.0,14.09,17.1,7.15,4.99,29.5,232.74,2.0,2025-09-30 22:54:26
5630.0,12.98,19.8,9.31,1.32,53.08,434.41,2.0,2025-09-30 22:54:27
5631.0,4.99,8.42,2.55,1.51,53.59,117.89,1.0,2025-09-30 22:54:29
5632.0,10.87,14.69,6.08,1.16,24.8,216.67,2.0,2025-09-30 22:54:30
5633.0,4.71,6.03,3.9,0.56,53.83,170.53,1.0,2025-09-30 22:54:31
5634.0,14.85,22.94,11.44,1.56,45.48,485.18,2.0,2025-09-30 22:54:32
5635.0,6.58,8.55,4.66,1.67,54.01,172.21,1.0,2025-09-30 22:54:34
5636.0,9.17,11.4,2.17,1.22,65.66,162.25,2.0,2025-09-30 22:54:35
5638.0,11.41,15.25,5.01,6.78,68.37,156.49,2.0,2025-09-30 22:54:36
5639.0,13.88,22.3,11.52,1.53,44.71,481.41,2.0,2025-09-30 22:54:37
5641.0,15.05,22.42,10.44,1.53,51.27,456.54,2.0,2025-09-30 22:54:39
5642.0,2.81,5.11,5.82,1.93,24.55,140.02,1.0,2025-09-30 22:54:40
5644.0,7.04,13.54,13.98,3.83,19.92,247.1,1.0,2025-09-30 22:54:41
5645.0,4.66,7.33,7.19,3.42,37.1,152.18,1.0,2025-09-30 22:54:42
5646.0,1.03,3.73,0.97,0.59,43.97,73.82,1.0,2025-09-30 22:54:44
5647.0,6.14,9.63,7.93,3.8,36.12,168.72,1.0,2025-09-30 22:54:45
5648.0,58.16,85.95,16.05,6.08,20.45,759.49,4.0,2025-09-30 22:54:46
5649.0,3.44,7.66,9.62,2.63,33.53,202.32,1.0,2025-09-30 22:54:47
5650.0,13.88,22.3,11.52,1.53,44.71,481.41,2.0,2025-09-30 22:54:49
5652.0,45.24,61.45,8.24,2.48,16.71,449.08,3.0,2025-09-30 22:54:50
5655.0,30.03,42.7,22.47,5.56,24.67,438.43,3.0,2025-09-30 22:54:51
5657.0,17.43,25.25,7.9,1.91,41.35,438.3,2.0,2025-09-30 22:54:52
5659.0,17.43,25.25,7.9,1.91,41.35,438.3,2.0,2025-09-30 22:52:23
5661.0,2.32,3.85,1.68,0.5,40.58,87.31,1.0,2025-09-30 22:54:55
5662.0,21.14,26.22,5.13,2.29,51.28,339.7,2.0,2025-09-30 22:54:56
5664.0,9.21,13.27,6.3,2.52,36.13,193.89,1.0,2025-09-30 22:54:57
5665.0,15.05,22.42,10.44,1.53,51.27,456.54,2.0,2025-09-30 22:54:58
5667.0,8.0,11.43,3.76,1.47,43.96,173.32,1.0,2025-09-30 22:55:00
5742.0,15.05,22.42,10.44,1.53,51.27,456.54,2.0,2025-09-30 22:55:01
5743.0,12.98,19.8,9.31,1.32,53.08,434.41,2.0,2025-09-30 22:55:02
5744.0,14.85,22.94,11.44,1.56,45.48,485.18,2.0,2025-09-30 22:55:03
5745.0,13.61,21.27,3.91,1.96,35.12,260.91,2.0,2025-09-30 22:55:05
5753.0,15.05,22.42,10.44,1.53,51.27,456.54,2.0,2025-09-30 22:55:06
5754.0,14.85,22.94,11.44,1.56,45.48,485.18,2.0,2025-09-30 22:55:07
5755.0,15.05,22.42,10.44,1.53,51.27,456.54,2.0,2025-09-30 22:55:09
5759.0,15.05,22.42,10.44,1.53,51.27,456.54,2.0,2025-09-30 22:55:10
5760.0,12.91,21.67,11.59,1.51,43.95,477.67,2.0,2025-09-30 22:55:11
5761.0,12.98,19.8,9.31,1.32,53.08,434.41,2.0,2025-09-30 22:55:12
5762.0,12.98,19.8,9.31,1.32,53.08,434.41,2.0,2025-09-30 22:55:14
5763.0,17.16,26.48,13.19,1.63,46.72,468.94,2.0,2025-09-30 22:55:15
5765.0,14.85,22.94,11.44,1.56,45.48,485.18,2.0,2025-09-30 22:55:16
5766.0,14.85,22.94,11.44,1.56,45.48,485.18,2.0,2025-09-30 22:55:17
6310.0,8.29,9.7,0.72,1.07,57.2,147.56,1.0,2025-09-30 22:55:18
6314.0,12.91,21.67,11.59,1.51,43.95,477.67,2.0,2025-09-30 22:55:20
6338.0,8.97,9.84,0.47,0.23,72.6,77.73,2.0,2025-09-30 22:55:21
6356.0,12.98,19.8,9.31,1.32,53.08,434.41,2.0,2025-09-30 22:53:10
6357.0,12.98,19.8,9.31,1.32,53.08,434.41,2.0,2025-09-30 22:53:17
6358.0,15.05,22.42,10.44,1.53,51.27,456.54,2.0,2025-09-30 22:54:39
6359.0,15.05,22.42,10.44,1.53,51.27,456.54,2.0,2025-09-30 22:55:10
6442.0,74.97,95.84,15.48,4.78,27.64,568.6,4.0,2025-09-30 22:55:26
6443.0,8.53,11.56,4.22,1.22,27.73,256.96,1.0,2025-09-30 22:55:28
6920.0,6.96,15.5,10.12,2.67,9.01,270.58,1.0,2025-09-30 22:55:29
6923.0,62.47,99.88,39.89,8.91,13.07,1097.28,4.0,2025-09-30 22:55:30
6924.0,15.05,22.42,10.44,1.53,51.27,456.54,2.0,2025-09-30 22:55:31
6927.0,2.16,5.91,0.09,0.27,44.15,74.43,1.0,2025-09-30 22:55:33
6928.0,2.11,5.19,0.17,0.41,43.32,74.0,1.0,2025-09-30 22:55:34
6929.0,15.05,22.42,10.44,1.53,51.27,456.54,2.0,2025-09-30 22:55:09
6930.0,76.44,109.45,32.83,7.85,16.14,1009.85,5.0,2025-09-30 22:55:36
6931.0,13.88,22.3,11.52,1.53,44.71,481.41,2.0,2025-09-30 22:55:38
6932.0,17.16,26.48,13.19,1.63,46.72,468.94,2.0,2025-09-30 22:55:39
6933.0,11.22,15.49,4.58,1.9,44.64,182.09,2.0,2025-09-30 22:55:40
6934.0,14.85,22.94,11.44,1.56,45.48,485.18,2.0,2025-09-30 22:55:03
6935.0,9.55,20.67,8.12,0.86,59.15,395.03,2.0,2025-09-30 22:55:42
6936.0,10.91,17.17,8.18,1.12,54.88,412.4,2.0,2025-09-30 22:55:44
6937.0,4.39,8.02,2.88,1.46,52.09,120.23,1.0,2025-09-30 22:55:45
6938.0,15.05,22.42,10.44,1.53,51.27,456.54,2.0,2025-09-30 22:55:46
6939.0,45.44,66.06,10.0,2.59,58.25,412.15,3.0,2025-09-30 22:55:47
6940.0,66.04,83.1,13.87,3.45,37.89,524.54,4.0,2025-09-30 22:55:49
6941.0,19.6,27.16,7.76,1.55,20.01,407.43,2.0,2025-09-30 22:55:50
6942.0,3.74,6.43,1.9,1.11,53.6,112.79,1.0,2025-09-30 22:55:51
6943.0,2.2,5.8,0.09,0.26,43.62,73.69,1.0,2025-09-30 22:55:52
6944.0,10.43,21.06,11.71,1.16,45.82,440.05,2.0,2025-09-30 22:55:54
6945.0,1.97,5.22,0.09,0.25,43.89,74.07,1.0,2025-09-30 22:55:55
6946.0,9.85,11.62,0.99,1.53,62.72,159.85,2.0,2025-09-30 22:55:56
6947.0,18.47,32.13,16.95,2.15,26.29,560.38,2.0,2025-09-30 22:55:57
6948.0,1.97,5.22,0.09,0.25,43.89,74.07,1.0,2025-09-30 22:55:59
6949.0,20.28,33.93,20.21,3.21,28.78,643.69,2.0,2025-09-30 22:56:00
6950.0,8.29,9.7,0.72,1.07,57.2,147.56,1.0,2025-09-30 22:56:01
6951.0,21.33,33.17,17.08,1.93,40.34,503.51,2.0,2025-09-30 22:56:02
6952.0,17.06,38.8,4.84,0.8,73.85,327.4,2.0,2025-09-30 22:56:04
6953.0,14.92,26.17,15.0,1.89,33.0,543.04,2.0,2025-09-30 22:56:05
6954.0,1.7,3.51,6.04,1.4,24.41,141.49,1.0,2025-09-30 22:56:06
6955.0,1.43,2.58,6.07,0.74,29.32,124.29,1.0,2025-09-30 22:56:07
6956.0,1.97,5.22,0.09,0.25,43.89,74.07,1.0,2025-09-30 22:56:09
6957.0,14.85,22.94,11.44,1.56,45.48,485.18,2.0,2025-09-30 22:55:07
6958.0,26.03,39.76,17.49,2.18,38.38,491.37,3.0,2025-09-30 22:56:11
6959.0,1.97,5.22,0.09,0.25,43.89,74.07,1.0,2025-09-30 22:56:12
6960.0,15.05,22.42,10.44,1.53,51.27,456.54,2.0,2025-09-30 22:56:13
6961.0,10.63,14.07,5.25,2.09,25.41,219.32,2.0,2025-09-30 22:56:15
6962.0,2.5,3.74,2.35,2.96,47.48,97.79,1.0,2025-09-30 22:56:16
6963.0,11.51,22.19,10.97,1.08,50.9,388.94,2.0,2025-09-30 22:56:17
6964.0,56.91,73.33,17.11,3.47,43.84,557.05,4.0,2025-09-30 22:56:18
6965.0,2.11,5.19,0.17,0.41,43.32,74.0,1.0,2025-09-30 22:56:19
6966.0,2.37,10.15,0.29,0.52,43.76,75.92,1.0,2025-09-30 22:56:21
6967.0,1.97,5.22,0.09,0.25,43.89,74.07,1.0,2025-09-30 22:56:22
6968.0,3.11,5.98,1.73,2.41,40.35,96.33,1.0,2025-09-30 22:56:23
6969.0,14.56,31.19,5.33,0.78,71.31,328.62,2.0,2025-09-30 22:56:25
6970.0,32.97,54.08,32.78,6.16,20.59,866.02,3.0,2025-09-30 22:56:26
6971.0,29.83,46.14,14.97,2.21,56.26,437.88,3.0,2025-09-30 22:56:27
6972.0,14.64,23.45,12.44,1.6,39.67,513.89,2.0,2025-09-30 22:56:28
6973.0,7.04,13.54,13.98,3.83,19.92,247.1,1.0,2025-09-30 22:56:29
6974.0,7.04,13.54,13.98,3.83,19.92,247.1,1.0,2025-09-30 22:56:31
6975.0,5.47,10.55,11.21,3.12,23.23,214.01,1.0,2025-09-30 22:56:32
6976.0,26.31,39.55,18.92,2.77,39.98,592.16,3.0,2025-09-30 22:56:33
6978.0,15.81,23.57,11.37,1.59,46.24,488.96,2.0,2025-09-30 22:56:34
6979.0,20.92,31.61,16.0,1.98,43.6,517.51,2.0,2025-09-30 22:56:36
6980.0,14.85,22.94,11.44,1.56,45.48,485.18,2.0,2025-09-30 22:56:37
6981.0,8.29,9.7,0.72,1.07,57.2,147.56,1.0,2025-09-30 22:56:38
6982.0,1.71,3.3,1.11,0.34,33.41,89.37,1.0,2025-09-30 22:56:39
6983.0,7.04,13.54,13.98,3.83,19.92,247.1,1.0,2025-09-30 22:56:41
6984.0,2.25,4.35,5.08,1.36,26.79,145.49,1.0,2025-09-30 22:56:42
6985.0,16.06,24.27,11.06,1.71,48.57,484.81,2.0,2025-09-30 22:56:43
6986.0,15.81,23.57,11.37,1.59,46.24,488.96,2.0,2025-09-30 22:56:44
6987.0,1.97,5.22,0.09,0.25,43.89,74.07,1.0,2025-09-30 22:56:46
6988.0,14.85,22.94,11.44,1.56,45.48,485.18,2.0,2025-09-30 22:56:47
7005.0,15.05,22.42,10.44,1.53,51.27,456.54,2.0,2025-09-30 22:56:48
7044.0,13.88,22.3,11.52,1.53,44.71,481.41,2.0,2025-09-30 22:56:49
7140.0,17.06,25.33,7.91,1.89,39.19,449.0,2.0,2025-09-30 22:56:51
7153.0,2.96,5.68,0.38,0.09,32.75,91.87,1.0,2025-09-30 22:56:52
7280.0,14.43,23.97,13.44,1.63,33.85,542.67,2.0,2025-09-30 22:56:53
7281.0,14.43,23.97,13.44,1.63,33.85,542.67,2.0,2025-09-30 22:56:53
7282.0,41.42,59.81,22.81,3.34,35.87,600.5,3.0,2025-09-30 22:56:55
7283.0,12.51,21.26,10.96,1.25,47.53,427.12,2.0,2025-09-30 22:52:22
7289.0,3.39,10.47,3.01,1.96,34.81,131.49,1.0,2025-09-30 22:56:58
7292.0,6.03,9.45,5.38,2.3,38.28,179.77,1.0,2025-09-30 22:56:59
7299.0,7.92,10.89,4.91,1.48,22.67,218.59,1.0,2025-09-30 22:57:00
7434.0,15.05,22.42,10.44,1.53,51.27,456.54,2.0,2025-09-30 22:57:01
7494.0,20.99,28.31,4.95,1.93,22.36,269.42,2.0,2025-09-30 22:57:03
7495.0,45.24,61.45,8.24,2.48,16.71,449.08,3.0,2025-09-30 22:57:04
7583.0,2.46,4.53,7.01,3.63,36.92,133.0,1.0,2025-09-30 22:57:05
7641.0,1.25,1.26,0.18,0.0,35.25,111.63,1.0,2025-09-30 22:57:06
7646.0,3.13,3.49,5.57,0.59,42.27,102.84,1.0,2025-09-30 22:57:08
7647.0,3.13,3.49,5.57,0.59,42.27,102.84,1.0,2025-09-30 22:57:09
7672.0,1.26,1.35,0.19,0.09,55.74,110.18,1.0,2025-09-30 22:57:10
7720.0,35.19,53.45,26.31,3.71,29.28,706.75,3.0,2025-09-30 22:57:11
7752.0,2.33,5.68,0.26,0.57,43.03,74.18,1.0,2025-09-30 22:57:13
7777.0,1.43,2.58,6.07,0.74,29.32,124.29,1.0,2025-09-30 22:56:07
7833.0,26.31,39.55,18.92,2.77,39.98,592.16,3.0,2025-09-30 22:57:15
7850.0,1.97,5.22,0.09,0.25,43.89,74.07,1.0,2025-09-30 22:57:16
7880.0,13.83,15.46,5.0,1.55,22.66,253.18,2.0,2025-09-30 22:57:17
7901.0,1.88,8.16,0.3,0.46,44.0,77.35,1.0,2025-09-30 22:57:19
7979.0,10.88,15.34,4.82,1.45,24.22,225.85,2.0,2025-09-30 22:57:20
8035.0,1.15,2.35,4.4,0.73,26.22,114.72,1.0,2025-09-30 22:57:21
8039.0,1.97,5.22,0.09,0.25,43.89,74.07,1.0,2025-09-30 22:57:22
8088.0,72.37,131.44,12.95,2.67,73.47,498.33,4.0,2025-09-30 22:57:24
8092.0,15.05,22.42,10.44,1.53,51.27,456.54,2.0,2025-09-30 22:57:01
8118.0,15.05,22.42,10.44,1.53,51.27,456.54,2.0,2025-09-30 22:57:26
8153.0,3.88,11.33,3.38,1.7,34.08,141.04,1.0,2025-09-30 22:57:27
8171.0,3.73,5.47,5.5,8.15,48.07,116.94,1.0,2025-09-30 22:57:28
8172.0,8.29,9.7,0.72,1.07,57.2,147.56,1.0,2025-09-30 22:57:30
8190.0,1.03,3.73,0.97,0.59,43.97,73.82,1.0,2025-09-30 22:57:31
8235.0,12.98,19.8,9.31,1.32,53.08,434.41,2.0,2025-09-30 22:57:32
8239.0,14.85,22.94,11.44,1.56,45.48,485.18,2.0,2025-09-30 22:57:33
8245.0,7.31,9.61,4.99,1.23,22.44,218.67,1.0,2025-09-30 22:57:35
8319.0,17.44,25.66,11.5,1.83,50.73,477.17,2.0,2025-09-30 22:57:36
8365.0,14.85,22.94,11.44,1.56,45.48,485.18,2.0,2025-09-30 22:57:37
8415.0,45.08,53.92,7.26,2.41,22.06,388.49,3.0,2025-09-30 22:52:42
8472.0,12.98,19.8,9.31,1.32,53.08,434.41,2.0,2025-09-30 22:57:39
8475.0,15.05,22.42,10.44,1.53,51.27,456.54,2.0,2025-09-30 22:57:41
8556.0,5.23,10.39,2.61,0.2,86.66,213.62,2.0,2025-09-30 22:57:42
8557.0,5.67,9.13,8.94,4.86,34.96,166.86,1.0,2025-09-30 22:57:43
8558.0,30.03,42.7,22.47,5.56,24.67,438.43,3.0,2025-09-30 22:57:44
8634.0,53.35,88.71,20.48,2.73,63.91,624.34,4.0,2025-09-30 22:57:46
8664.0,79.04,97.77,11.39,3.51,61.41,648.29,5.0,2025-09-30 22:57:47
8895.0,1.01,1.15,0.32,0.03,52.1,104.93,1.0,2025-09-30 22:57:48
8914.0,4.29,12.24,5.87,2.41,31.58,166.37,1.0,2025-09-30 22:57:49
8915.0,12.98,19.8,9.31,1.32,53.08,434.41,2.0,2025-09-30 22:57:51
8916.0,2.16,9.2,0.31,0.5,43.65,75.49,1.0,2025-09-30 22:57:52
8917.0,12.98,19.8,9.31,1.32,53.08,434.41,2.0,2025-09-30 22:55:14
8933.0,1.26,1.35,0.19,0.09,55.74,110.18,1.0,2025-09-30 22:57:56
8938.0,1.25,1.26,0.18,0.0,35.25,111.63,1.0,2025-09-30 22:57:58
8939.0,1.25,1.26,0.18,0.0,35.25,111.63,1.0,2025-09-30 22:57:06
8971.0,1.26,1.35,0.19,0.09,55.74,110.18,1.0,2025-09-30 22:58:01
8975.0,1.14,1.25,0.34,0.02,27.75,109.03,1.0,2025-09-30 22:58:02
8976.0,1.14,1.25,0.34,0.02,27.75,109.03,1.0,2025-09-30 22:58:05
9149.0,1.3,1.33,0.42,0.02,40.99,116.68,1.0,2025-09-30 22:58:06
9552.0,1.23,1.36,0.4,0.03,50.25,115.18,1.0,2025-09-30 22:58:07
9708.0,8.97,9.84,0.47,0.23,72.6,77.73,2.0,2025-09-30 22:55:21
9709.0,8.97,9.84,0.47,0.23,72.6,77.73,2.0,2025-09-30 22:58:09
9922.0,1.23,1.36,0.4,0.03,50.25,115.18,1.0,2025-09-30 22:58:11
9985.0,1.23,1.36,0.4,0.03,50.25,115.18,1.0,2025-09-30 22:58:12
10091.0,2.34,3.88,0.15,0.16,60.37,59.87,2.0,2025-09-30 22:58:13
10202.0,1.48,1.6,0.42,0.03,44.67,131.5,1.0,2025-09-30 22:58:14
10203.0,1.48,1.6,0.42,0.03,44.67,131.5,1.0,2025-09-30 22:58:16
10306.0,1.23,1.36,0.4,0.03,50.25,115.18,1.0,2025-09-30 22:58:17
10438.0,1.23,1.36,0.4,0.03,50.25,115.18,1.0,2025-09-30 22:58:19
10482.0,4.84,9.78,2.14,0.21,91.72,181.63,2.0,2025-09-30 22:58:20
10484.0,13.88,22.3,11.52,1.53,44.71,481.41,2.0,2025-09-30 22:58:21
10485.0,17.16,26.48,13.19,1.63,46.72,468.94,2.0,2025-09-30 22:58:22
10486.0,12.98,19.8,9.31,1.32,53.08,434.41,2.0,2025-09-30 22:58:24
10487.0,15.05,22.42,10.44,1.53,51.27,456.54,2.0,2025-09-30 22:53:15
10488.0,12.91,21.67,11.59,1.51,43.95,477.67,2.0,2025-09-30 22:58:26
10489.0,15.05,22.42,10.44,1.53,51.27,456.54,2.0,2025-09-30 22:54:10
10537.0,1.38,2.33,3.38,0.36,21.08,109.49,1.0,2025-09-30 22:58:28
10545.0,7.25,9.42,5.86,1.02,44.94,196.62,1.0,2025-09-30 22:58:29
10599.0,45.24,61.45,8.24,2.48,16.71,449.08,3.0,2025-09-30 22:58:31
10609.0,3.39,10.47,3.01,1.96,34.81,131.49,1.0,2025-09-30 22:56:58
10630.0,52.09,69.81,8.31,2.61,14.53,481.78,4.0,2025-09-30 22:58:33
10633.0,8.29,9.7,0.72,1.07,57.2,147.56,1.0,2025-09-30 22:58:34
10645.0,58.49,79.61,9.56,3.26,13.37,554.4,4.0,2025-09-30 22:58:36
10670.0,49.89,68.95,9.19,3.02,17.76,503.82,3.0,2025-09-30 22:58:37
10695.0,41.56,57.83,15.09,2.69,52.11,475.23,3.0,2025-09-30 22:58:38
10697.0,45.24,61.45,8.24,2.48,16.71,449.08,3.0,2025-09-30 22:58:39
10725.0,20.69,34.97,21.59,3.53,29.73,654.4,2.0,2025-09-30 22:58:41
10747.0,1.82,8.11,0.25,0.42,43.61,80.86,1.0,2025-09-30 22:58:42
10780.0,30.03,42.7,22.47,5.56,24.67,438.43,3.0,2025-09-30 22:58:43
10820.0,14.85,22.94,11.44,1.56,45.48,485.18,2.0,2025-09-30 22:58:44
10823.0,68.49,95.33,16.22,4.43,8.46,731.48,4.0,2025-09-30 22:58:46
10825.0,13.88,22.3,11.52,1.53,44.71,481.41,2.0,2025-09-30 22:58:47
10831.0,12.98,19.8,9.31,1.32,53.08,434.41,2.0,2025-09-30 22:58:48
10844.0,9.85,11.62,0.99,1.53,62.72,159.85,2.0,2025-09-30 22:58:49
10851.0,12.07,15.75,1.48,2.29,57.38,182.88,2.0,2025-09-30 22:58:51
10895.0,36.75,44.54,12.72,5.47,50.63,572.59,3.0,2025-09-30 22:58:52
10896.0,6.03,9.45,5.38,2.3,38.28,179.77,1.0,2025-09-30 22:56:59
10897.0,4.66,7.33,7.19,3.42,37.1,152.18,1.0,2025-09-30 22:54:42
10898.0,1.39,6.07,0.28,0.38,44.59,80.2,1.0,2025-09-30 22:58:55
10900.0,13.88,22.3,11.52,1.53,44.71,481.41,2.0,2025-09-30 22:58:57
10901.0,8.52,14.65,5.91,0.79,1.39,272.25,1.0,2025-09-30 22:58:58
10902.0,3.07,7.7,4.33,0.96,28.78,134.43,1.0,2025-09-30 22:58:59
10903.0,19.6,27.16,7.76,1.55,20.01,407.43,2.0,2025-09-30 22:59:00
10904.0,8.29,9.7,0.72,1.07,57.2,147.56,1.0,2025-09-30 22:59:02
10905.0,29.83,46.14,14.97,2.21,56.26,437.88,3.0,2025-09-30 22:56:27
10906.0,21.33,33.17,17.08,1.93,40.34,503.51,2.0,2025-09-30 22:56:02
10907.0,17.4,20.78,6.05,2.2,31.51,231.17,2.0,2025-09-30 22:59:05
10908.0,14.64,23.45,12.44,1.6,39.67,513.89,2.0,2025-09-30 22:59:06
10909.0,13.23,24.96,21.36,6.86,13.03,365.55,2.0,2025-09-30 22:59:07
10910.0,45.85,68.9,26.88,4.8,27.93,746.56,3.0,2025-09-30 22:59:09
10911.0,9.1,13.69,4.01,1.86,19.67,202.42,1.0,2025-09-30 22:49:55
10912.0,17.4,20.78,6.05,2.2,31.51,231.17,2.0,2025-09-30 22:59:11
10913.0,7.72,10.93,5.26,0.91,28.4,205.39,1.0,2025-09-30 22:59:12
10914.0,70.62,89.09,16.88,4.59,38.99,587.65,4.0,2025-09-30 22:59:14
10915.0,1.08,4.17,0.64,0.49,44.11,74.51,1.0,2025-09-30 22:59:15
10916.0,2.16,9.2,0.31,0.5,43.65,75.49,1.0,2025-09-30 22:59:16
10917.0,8.16,10.9,4.68,1.3,24.47,245.24,1.0,2025-09-30 22:59:18
10918.0,8.29,9.7,0.72,1.07,57.2,147.56,1.0,2025-09-30 22:59:19
10919.0,17.12,25.05,11.59,1.73,49.45,478.78,2.0,2025-09-30 22:59:20
10920.0,14.64,23.45,12.44,1.6,39.67,513.89,2.0,2025-09-30 22:59:21
10921.0,13.88,22.3,11.52,1.53,44.71,481.41,2.0,2025-09-30 22:59:23
11577.0,4.26,8.37,6.64,1.19,18.76,183.18,1.0,2025-09-30 22:59:24
11578.0,30.03,42.7,22.47,5.56,24.67,438.43,3.0,2025-09-30 22:59:25
11579.0,30.03,42.7,22.47,5.56,24.67,438.43,3.0,2025-09-30 22:59:27
11580.0,1.51,5.51,0.92,0.85,41.93,85.24,1.0,2025-09-30 22:59:28
11581.0,30.03,42.7,22.47,5.56,24.67,438.43,3.0,2025-09-30 22:59:29
11582.0,1.94,8.48,0.18,0.41,41.02,77.88,1.0,2025-09-30 22:59:31
11583.0,28.99,34.41,3.55,1.58,47.67,311.24,3.0,2025-09-30 22:59:32
11602.0,1.97,5.22,0.09,0.25,43.89,74.07,1.0,2025-09-30 22:49:56
11603.0,15.05,22.42,10.44,1.53,51.27,456.54,2.0,2025-09-30 22:59:34
11604.0,1.97,5.22,0.09,0.25,43.89,74.07,1.0,2025-09-30 22:59:35
11606.0,2.11,5.19,0.17,0.41,43.32,74.0,1.0,2025-09-30 22:59:37
11607.0,14.85,22.94,11.44,1.56,45.48,485.18,2.0,2025-09-30 22:59:38
11608.0,2.49,4.13,1.66,0.57,35.96,88.23,1.0,2025-09-30 22:59:39
11609.0,2.32,3.85,1.68,0.5,40.58,87.31,1.0,2025-09-30 22:59:41
11610.0,2.54,5.3,1.14,0.49,38.59,83.59,1.0,2025-09-30 22:59:42
11611.0,1.97,5.22,0.09,0.25,43.89,74.07,1.0,2025-09-30 22:59:44
11612.0,2.2,5.8,0.09,0.26,43.62,73.69,1.0,2025-09-30 22:59:45
11613.0,2.32,3.85,1.68,0.5,40.58,87.31,1.0,2025-09-30 22:59:46
12024.0,1.97,5.22,0.09,0.25,43.89,74.07,1.0,2025-09-30 22:59:47
12039.0,1.97,5.22,0.09,0.25,43.89,74.07,1.0,2025-09-30 22:59:49
12040.0,1.97,5.22,0.09,0.25,43.89,74.07,1.0,2025-09-30 22:59:50
12041.0,1.67,3.19,4.28,0.58,22.5,122.32,1.0,2025-09-30 22:59:51
12042.0,2.49,4.13,1.66,0.57,35.96,88.23,1.0,2025-09-30 22:59:52
12043.0,1.39,2.83,5.97,3.51,26.07,117.64,1.0,2025-09-30 22:59:54
12044.0,2.11,5.19,0.17,0.41,43.32,74.0,1.0,2025-09-30 22:58:15
12045.0,21.14,26.22,5.13,2.29,51.28,339.7,2.0,2025-09-30 22:59:56
12046.0,26.37,38.44,21.25,5.39,27.24,413.71,3.0,2025-09-30 22:59:57
42240.0,19.6,27.16,7.76,1.55,20.01,407.43,2.0,2025-09-30 22:59:59
44513.0,2.15,9.93,0.14,0.39,41.09,79.53,1.0,2025-09-30 23:00:00
44514.0,2.33,3.91,4.97,1.81,30.96,122.84,1.0,2025-09-30 23:00:01
44515.0,2.1,3.74,4.35,0.34,18.44,125.05,1.0,2025-09-30 23:00:02
45008.0,22.25,36.62,22.87,3.46,12.35,495.22,2.0,2025-09-30 23:00:04
60656.0,1.26,2.45,3.4,0.89,30.24,117.59,1.0,2025-09-30 23:00:05
60657.0,5.16,7.46,7.47,1.0,6.89,220.47,1.0,2025-09-30 23:00:07
60658.0,2.24,3.79,1.63,0.49,40.39,88.97,1.0,2025-09-30 23:00:08
60659.0,5.46,10.32,8.72,3.19,31.5,203.08,1.0,2025-09-30 23:00:09
60660.0,2.24,3.79,1.63,0.49,40.39,88.97,1.0,2025-09-30 23:00:11
60661.0,1.97,5.22,0.09,0.25,43.89,74.07,1.0,2025-09-30 22:56:12
220265.0,55.17,87.43,18.4,3.22,62.27,563.27,4.0,2025-09-30 23:00:13
220353.0,2.03,9.39,0.13,0.36,40.25,79.04,1.0,2025-09-30 23:00:14
223145.0,5.88,9.79,5.61,1.32,13.72,245.28,1.0,2025-09-30 23:00:08
223146.0,23.0,30.65,6.03,1.36,12.74,396.57,2.0,2025-09-30 23:00:17
227384.0,14.66,18.93,8.2,3.29,26.96,341.1,2.0,2025-09-30 23:00:18
227386.0,16.55,22.51,6.45,1.56,38.69,393.68,2.0,2025-09-30 23:00:19
227387.0,14.66,18.93,8.2,3.29,26.96,341.1,2.0,2025-09-30 23:00:21
227533.0,4.17,7.69,2.2,1.25,53.55,114.38,1.0,2025-09-30 23:00:22
227534.0,4.73,8.23,1.96,1.31,54.67,112.43,1.0,2025-09-30 23:00:23
227535.0,25.93,30.9,6.89,1.51,42.63,378.11,3.0,2025-09-30 23:00:24
227536.0,5.04,8.89,2.36,1.48,54.08,115.83,1.0,2025-09-30 23:00:26
227931.0,27.53,32.64,9.65,2.28,35.29,363.04,3.0,2025-09-30 23:00:27
228297.0,4.17,7.69,2.2,1.25,53.55,114.38,1.0,2025-09-30 23:00:28
228298.0,5.04,8.89,2.36,1.48,54.08,115.83,1.0,2025-09-30 23:00:30
228299.0,4.17,7.69,2.2,1.25,53.55,114.38,1.0,2025-09-30 23:00:09
228300.0,5.04,8.89,2.36,1.48,54.08,115.83,1.0,2025-09-30 23:00:32
228301.0,4.49,8.61,2.65,1.45,53.3,118.32,1.0,2025-09-30 23:00:34
228303.0,5.04,8.89,2.36,1.48,54.08,115.83,1.0,2025-09-30 23:00:35
228352.0,27.53,32.64,9.65,2.28,35.29,363.04,3.0,2025-09-30 23:00:37
228397.0,23.64,27.36,4.07,1.17,33.2,284.64,2.0,2025-09-30 23:00:38
228403.0,23.64,27.36,4.07,1.17,33.2,284.64,2.0,2025-09-30 23:00:39
228840.0,72.24,99.19,23.57,6.56,10.03,887.69,4.0,2025-09-30 23:00:41
229195.0,23.64,27.36,4.07,1.17,33.2,284.64,2.0,2025-09-30 23:00:42
229252.0,22.35,27.3,4.85,2.08,48.58,334.51,2.0,2025-09-30 23:00:43
229404.0,17.62,24.56,7.19,1.78,40.13,422.85,2.0,2025-09-30 23:00:44
229473.0,1.96,3.75,4.49,1.15,27.36,136.45,1.0,2025-09-30 23:00:46
229728.0,81.51,121.15,22.38,6.87,6.27,1049.93,5.0,2025-09-30 23:00:47
229729.0,26.56,31.46,7.47,1.72,34.56,356.29,3.0,2025-09-30 23:00:49
229730.0,76.99,102.16,14.93,4.46,14.12,802.61,5.0,2025-09-30 23:00:50
229731.0,75.15,110.21,20.94,6.46,6.51,942.85,5.0,2025-09-30 23:00:51
229985.0,49.09,63.39,7.75,2.28,19.27,449.02,3.0,2025-09-30 23:00:53
229987.0,68.45,94.46,14.84,3.65,7.23,729.54,4.0,2025-09-30 23:00:54
233414.0,24.51,31.96,9.44,1.12,37.8,473.16,2.0,2025-09-30 23:00:55
233415.0,69.51,88.18,16.63,4.18,36.79,597.25,4.0,2025-09-30 23:00:57
233416.0,14.66,18.93,8.2,3.29,26.96,341.1,2.0,2025-09-30 23:00:58
233470.0,55.32,90.68,20.73,2.84,60.9,658.09,4.0,2025-09-30 23:00:59
234568.0,22.35,27.3,4.85,2.08,48.58,334.51,2.0,2025-09-30 23:01:01
234997.0,28.04,32.45,8.16,1.93,35.29,341.93,3.0,2025-09-30 23:01:02
236406.0,71.26,75.79,32.62,29.6,9.56,667.76,4.0,2025-09-30 23:01:03
270697.0,34.53,56.62,21.94,4.25,24.3,726.4,3.0,2025-09-30 23:01:04
270703.0,35.42,40.08,9.03,3.37,22.35,224.34,3.0,2025-09-30 23:01:06
270704.0,57.04,76.36,9.06,4.04,25.83,529.93,4.0,2025-09-30 23:01:07
270708.0,22.71,24.04,2.08,0.78,10.47,171.1,2.0,2025-09-30 23:01:08
270720.0,60.83,78.87,16.32,4.65,24.31,627.26,4.0,2025-09-30 23:01:10
270721.0,79.55,103.82,21.07,10.74,20.33,765.43,5.0,2025-09-30 23:01:11
270722.0,52.22,62.77,14.41,4.74,18.28,310.58,4.0,2025-09-30 23:00:12
270723.0,72.05,94.67,17.04,8.49,22.18,686.45,4.0,2025-09-30 23:01:14
270724.0,21.09,28.28,4.93,1.88,22.35,271.97,2.0,2025-09-30 23:01:15
270725.0,50.5,65.19,13.83,2.82,28.64,534.96,4.0,2025-09-30 23:01:16
270726.0,51.24,75.44,12.62,3.81,4.86,678.17,4.0,2025-09-30 23:01:17
270727.0,64.45,86.33,17.92,4.98,23.12,678.67,4.0,2025-09-30 23:01:19
270728.0,63.11,83.3,10.71,3.65,20.43,620.02,4.0,2025-09-30 23:01:20
270729.0,34.6,49.72,8.47,2.18,20.97,419.18,3.0,2025-09-30 23:01:21
270730.0,43.84,55.51,6.98,2.05,22.1,383.47,3.0,2025-09-30 23:01:22
270737.0,100.21,142.95,26.06,8.78,12.63,1111.22,5.0,2025-09-30 23:01:24
270771.0,34.53,56.62,21.94,4.25,24.3,726.4,3.0,2025-09-30 23:01:25
270774.0,32.69,45.94,7.91,1.89,16.8,393.93,3.0,2025-09-30 23:01:27
270775.0,69.32,90.88,18.45,4.71,25.96,715.0,4.0,2025-09-30 23:01:28
270777.0,34.53,56.62,21.94,4.25,24.3,726.4,3.0,2025-09-30 23:01:29
270877.0,34.53,56.62,21.94,4.25,24.3,726.4,3.0,2025-09-30 23:01:31
278159.0,28.04,32.45,8.16,1.93,35.29,341.93,3.0,2025-09-30 23:01:32
278418.0,69.51,88.18,16.63,4.18,36.79,597.25,4.0,2025-09-30 23:01:34
278671.0,11.01,14.57,6.09,0.74,31.36,237.78,2.0,2025-09-30 23:01:35
301387.0,5.04,8.89,2.36,1.48,54.08,115.83,1.0,2025-09-30 23:01:36
301388.0,20.1,30.54,14.99,1.7,39.81,521.25,2.0,2025-09-30 23:01:38
301389.0,76.54,99.83,20.67,6.35,34.42,668.12,5.0,2025-09-30 23:01:40
301390.0,28.38,31.81,2.95,1.29,50.74,286.48,3.0,2025-09-30 23:01:42
301391.0,67.45,89.64,12.35,3.57,13.98,696.95,4.0,2025-09-30 23:01:43
301670.0,1.02,2.21,4.52,0.59,27.24,114.16,1.0,2025-09-30 23:01:44
304956.0,26.05,30.77,5.29,1.83,22.71,232.57,3.0,2025-09-30 23:01:46
306252.0,58.47,75.87,9.59,3.38,23.93,572.07,4.0,2025-09-30 23:00:11
307463.0,60.99,89.44,14.46,3.53,12.9,874.24,4.0,2025-09-30 23:00:13
309803.0,2.64,4.84,3.24,0.51,25.19,135.65,1.0,2025-09-30 23:00:07
313410.0,4.89,6.12,3.72,0.19,6.79,186.19,1.0,2025-09-30 23:00:16
313411.0,37.31,43.94,11.8,5.35,47.14,574.96,3.0,2025-09-30 23:01:52
313923.0,4.37,5.43,4.49,0.16,5.6,192.46,1.0,2025-09-30 23:00:15
317035.0,115.21,176.09,49.69,16.49,9.32,1554.11,5.0,2025-09-30 23:01:54
323564.0,5.06,8.12,1.71,0.23,35.92,151.24,1.0,2025-09-30 23:01:56
330021.0,26.56,31.46,7.47,1.72,34.56,356.29,3.0,2025-09-30 23:01:57
344103.0,4.97,7.72,7.48,3.8,34.06,157.03,1.0,2025-09-30 23:01:59
344104.0,4.97,7.72,7.48,3.8,34.06,157.03,1.0,2025-09-30 23:02:00
344140.0,4.97,7.72,7.48,3.8,34.06,157.03,1.0,2025-09-30 23:02:01
344142.0,4.97,7.72,7.48,3.8,34.06,157.03,1.0,2025-09-30 23:02:03
344144.0,2.62,4.28,6.3,3.01,34.07,131.11,1.0,2025-09-30 23:02:04
346257.0,3.8,6.0,6.89,3.41,34.06,144.06,1.0,2025-09-30 23:02:05
346258.0,3.25,5.61,7.61,4.24,32.68,142.04,1.0,2025-09-30 23:02:06
346438.0,32.61,47.91,12.81,3.9,36.68,594.05,3.0,2025-09-30 23:02:08
346439.0,14.22,22.14,10.2,1.29,42.36,498.5,2.0,2025-09-30 23:02:10
352465.0,4.49,7.37,8.44,4.88,32.36,155.66,1.0,2025-09-30 23:02:11
352777.0,34.53,56.62,21.94,4.25,24.3,726.4,3.0,2025-09-30 23:02:12
353715.0,34.53,56.62,21.94,4.25,24.3,726.4,3.0,2025-09-30 23:02:14
358448.0,5.75,12.93,9.49,2.63,17.73,238.1,1.0,2025-09-30 23:02:15
358450.0,6.13,14.67,6.13,2.55,26.61,199.83,1.0,2025-09-30 23:02:16
358451.0,5.37,11.14,11.24,2.76,22.71,230.48,1.0,2025-09-30 23:00:25
358452.0,2.38,7.06,3.24,1.5,37.55,117.41,1.0,2025-09-30 23:02:19
358453.0,2.56,6.51,5.04,1.63,30.25,147.75,1.0,2025-09-30 23:02:21
358454.0,6.76,12.7,13.07,3.77,22.37,238.73,1.0,2025-09-30 23:00:22
358455.0,3.5,7.04,7.32,2.58,26.83,198.17,1.0,2025-09-30 23:00:31
358456.0,1.19,2.34,3.58,0.65,25.89,115.46,1.0,2025-09-30 23:02:25
358457.0,6.01,14.2,8.62,2.59,21.2,227.43,1.0,2025-09-30 23:02:26
358467.0,32.61,47.91,12.81,3.9,36.68,594.05,3.0,2025-09-30 23:02:28
358627.0,19.76,30.96,21.66,4.27,16.61,429.17,2.0,2025-09-30 23:02:29
358665.0,2.09,5.01,0.38,0.38,40.19,77.75,1.0,2025-09-30 23:02:31
361378.0,8.74,12.1,5.26,0.84,25.63,211.63,1.0,2025-09-30 23:02:32
361411.0,13.95,20.28,5.51,0.4,9.48,327.18,2.0,2025-09-30 23:00:37
363601.0,7.67,10.71,4.92,0.44,2.24,239.83,1.0,2025-09-30 23:02:34
1236017.0,99.53,139.01,30.22,9.46,4.5,1180.87,5.0,2025-09-30 23:02:36
1236037.0,8.73,10.83,0.82,1.14,51.99,152.14,1.0,2025-09-30 23:02:37
1285342.0,50.93,58.98,8.07,3.01,18.9,420.24,4.0,2025-09-30 23:02:38
1285345.0,22.35,27.3,4.85,2.08,48.58,334.51,2.0,2025-09-30 23:02:40
1894641.0,79.84,98.06,10.72,3.23,58.56,648.05,5.0,2025-09-30 23:00:44
2498781.0,7.39,13.81,14.16,3.93,19.35,250.37,1.0,2025-09-30 23:02:42
2655791.0,3.69,7.25,0.16,0.04,79.2,51.29,2.0,2025-09-30 23:02:44
2689464.0,3.69,7.25,0.16,0.04,79.2,51.29,2.0,2025-09-30 23:02:44
2812757.0,2.28,7.33,1.84,1.43,42.64,99.14,1.0,2025-09-30 23:02:46
2848864.0,99.53,139.01,30.22,9.46,4.5,1180.87,5.0,2025-09-30 23:02:48
2860223.0,15.0,23.42,11.19,1.4,41.97,495.37,2.0,2025-09-30 23:02:49
3024966.0,15.46,26.83,14.08,1.64,31.8,553.54,2.0,2025-09-30 23:02:50
3174188.0,6.11,8.58,3.5,1.7,44.66,156.85,1.0,2025-09-30 23:02:52
3174189.0,6.11,8.58,3.5,1.7,44.66,156.85,1.0,2025-09-30 23:02:53
3174190.0,6.11,8.58,3.5,1.7,44.66,156.85,1.0,2025-09-30 23:02:55
3194367.0,50.67,60.06,10.76,2.87,13.93,488.94,4.0,2025-09-30 23:02:56
3292849.0,84.56,106.11,13.5,3.47,60.27,732.78,5.0,2025-09-30 23:02:58
3409309.0,34.03,57.93,23.83,5.12,25.92,719.96,3.0,2025-09-30 22:53:58
3409317.0,6.87,10.77,3.51,1.2,25.12,184.33,1.0,2025-09-30 22:59:54
3409318.0,17.43,25.25,7.9,1.91,41.35,438.3,2.0,2025-09-30 22:54:52
3409319.0,21.07,32.98,23.06,4.84,17.18,443.57,2.0,2025-09-30 22:53:28
3409320.0,9.8,11.43,0.9,1.47,63.64,159.41,2.0,2025-09-30 23:03:04
3409321.0,5.05,6.41,0.53,0.29,44.86,131.54,1.0,2025-09-30 23:03:05
3409322.0,1.97,5.22,0.09,0.25,43.89,74.07,1.0,2025-09-30 22:53:52
3409323.0,2.23,5.98,0.09,0.28,44.54,74.8,1.0,2025-09-30 23:00:01
3409328.0,1.97,5.22,0.09,0.25,43.89,74.07,1.0,2025-09-30 22:57:16
3409329.0,1.97,5.22,0.09,0.25,43.89,74.07,1.0,2025-09-30 22:59:35
3409331.0,2.49,4.13,1.66,0.57,35.96,88.23,1.0,2025-09-30 22:59:39
3409334.0,2.64,4.84,3.24,0.51,25.19,135.65,1.0,2025-09-30 23:00:07
3409335.0,5.88,9.79,5.61,1.32,13.72,245.28,1.0,2025-09-30 23:00:08
3409336.0,4.17,7.69,2.2,1.25,53.55,114.38,1.0,2025-09-30 23:00:09
3409338.0,58.47,75.87,9.59,3.38,23.93,572.07,4.0,2025-09-30 23:00:11
3409339.0,52.22,62.77,14.41,4.74,18.28,310.58,4.0,2025-09-30 23:00:12
3409340.0,60.99,89.44,14.46,3.53,12.9,874.24,4.0,2025-09-30 23:00:13
3409341.0,4.37,5.43,4.49,0.16,5.6,192.46,1.0,2025-09-30 23:00:15
3409342.0,4.89,6.12,3.72,0.19,6.79,186.19,1.0,2025-09-30 23:00:16
3409343.0,10.63,21.24,23.23,4.93,15.04,400.78,2.0,2025-09-30 23:00:17
3409344.0,1.18,4.52,0.7,0.58,43.63,77.19,1.0,2025-09-30 23:00:18
3409345.0,3.8,8.29,11.01,2.58,26.05,224.59,1.0,2025-09-30 23:00:20
3409346.0,6.25,12.37,10.43,2.94,29.52,225.18,1.0,2025-09-30 23:00:21
3409347.0,6.76,12.7,13.07,3.77,22.37,238.73,1.0,2025-09-30 23:00:22
3409348.0,2.12,5.45,3.35,1.43,36.07,118.78,1.0,2025-09-30 23:00:23
3409349.0,5.37,11.14,11.24,2.76,22.71,230.48,1.0,2025-09-30 23:00:25
3409350.0,3.55,8.11,7.18,3.35,37.34,155.0,1.0,2025-09-30 23:00:26
3409351.0,6.42,13.22,13.15,2.93,21.4,254.06,1.0,2025-09-30 23:00:27
3409353.0,11.96,21.29,19.46,3.49,12.73,382.52,2.0,2025-09-30 23:00:29
3409354.0,6.25,12.37,10.43,2.94,29.52,225.18,1.0,2025-09-30 23:00:30
3409355.0,3.5,7.04,7.32,2.58,26.83,198.17,1.0,2025-09-30 23:00:31
3409356.0,1.06,2.5,4.25,1.63,36.04,134.05,1.0,2025-09-30 23:00:32
3409357.0,2.95,6.35,8.11,2.04,20.24,205.56,1.0,2025-09-30 23:00:34
3409358.0,6.65,12.68,14.67,4.34,25.46,289.57,1.0,2025-09-30 23:00:35
3409359.0,1.79,3.19,1.43,0.33,30.41,92.21,1.0,2025-09-30 23:00:36
3409360.0,13.95,20.28,5.51,0.4,9.48,327.18,2.0,2025-09-30 23:00:37
3409361.0,25.51,27.15,2.99,1.0,12.56,196.36,3.0,2025-09-30 23:00:39
3409362.0,26.75,28.46,3.47,1.09,13.59,205.19,3.0,2025-09-30 23:00:40
3409363.0,26.75,28.46,3.47,1.09,13.59,205.19,3.0,2025-09-30 23:00:42
3409364.0,26.75,28.46,3.47,1.09,13.59,205.19,3.0,2025-09-30 23:00:43
3409365.0,59.04,64.32,12.4,9.81,21.65,499.09,4.0,2025-09-30 23:00:44
3409366.0,62.64,68.24,19.89,15.94,17.73,565.92,4.0,2025-09-30 23:00:45
3409367.0,25.51,27.15,2.99,1.0,12.56,196.36,3.0,2025-09-30 23:00:47
3409368.0,22.71,24.04,2.08,0.78,10.47,171.1,2.0,2025-09-30 23:00:48
3409369.0,16.27,19.17,5.6,2.18,32.45,217.52,2.0,2025-09-30 23:00:49
3409370.0,10.53,15.26,4.54,1.05,22.13,232.56,2.0,2025-09-30 23:00:51
3409371.0,2.41,3.78,0.09,0.24,46.32,77.66,1.0,2025-09-30 23:00:53
3409372.0,2.91,6.35,7.6,2.24,29.28,175.58,1.0,2025-09-30 23:00:54
3409373.0,8.63,16.81,13.79,2.64,22.84,307.65,1.0,2025-09-30 23:00:56
3409374.0,15.48,18.67,5.9,1.65,30.62,235.32,2.0,2025-09-30 23:00:57
3409375.0,14.39,21.53,6.11,0.61,6.95,342.24,2.0,2025-09-30 23:00:58
3409376.0,19.39,24.8,6.63,1.83,24.06,386.87,2.0,2025-09-30 23:00:59
3409377.0,38.18,57.61,14.71,4.77,3.16,608.22,3.0,2025-09-30 23:01:01
3409378.0,46.42,52.72,6.43,2.02,7.79,324.19,3.0,2025-09-30 23:01:02
3409379.0,36.74,45.75,9.21,3.0,7.95,357.08,3.0,2025-09-30 23:01:03
3409380.0,52.56,58.42,5.35,1.58,9.25,299.8,4.0,2025-09-30 23:01:05
3409381.0,49.49,55.57,5.89,1.8,8.52,312.0,3.0,2025-09-30 23:01:06
3409382.0,40.35,47.0,5.87,3.0,12.37,345.58,3.0,2025-09-30 23:01:07
3409383.0,46.42,52.72,6.43,2.02,7.79,324.19,3.0,2025-09-30 23:01:09
3409384.0,44.67,49.99,4.34,1.45,10.82,295.86,3.0,2025-09-30 23:01:10
3409385.0,7.39,13.81,14.16,3.93,19.35,250.37,1.0,2025-09-30 23:01:11
3409386.0,1.33,2.48,5.92,0.74,27.54,124.25,1.0,2025-09-30 23:01:13
3409387.0,1.69,3.15,1.2,0.32,32.29,90.82,1.0,2025-09-30 23:01:15
3409388.0,1.96,3.75,4.49,1.15,27.36,136.45,1.0,2025-09-30 23:01:16
3409389.0,2.25,4.19,5.15,0.99,22.92,141.98,1.0,2025-09-30 23:01:17
3409390.0,21.13,28.14,7.72,1.35,17.59,431.94,2.0,2025-09-30 23:01:19
3409391.0,12.98,13.86,2.55,0.95,27.41,246.86,2.0,2025-09-30 23:01:20
3409392.0,9.94,13.93,6.25,2.43,35.3,196.95,1.0,2025-09-30 23:01:21
3409393.0,2.31,4.4,5.02,1.27,25.94,145.76,1.0,2025-09-30 23:01:22
3409394.0,42.26,48.9,4.69,1.44,14.04,337.42,3.0,2025-09-30 23:01:24
3409395.0,40.35,47.0,5.87,3.0,12.37,345.58,3.0,2025-09-30 23:01:25
3409396.0,51.04,55.64,4.98,2.3,21.27,437.52,4.0,2025-09-30 23:01:26
3409397.0,30.22,34.51,4.78,0.68,16.32,409.87,3.0,2025-09-30 23:01:27
3409398.0,30.22,34.51,4.78,0.68,16.32,409.87,3.0,2025-09-30 23:01:29
3409399.0,40.63,45.08,4.88,1.49,18.8,423.71,3.0,2025-09-30 23:01:30
3409400.0,2.15,4.07,6.08,1.71,31.72,157.92,1.0,2025-09-30 23:01:32
3409401.0,10.22,15.42,3.48,3.47,67.92,157.96,2.0,2025-09-30 23:01:34
3409402.0,25.68,33.15,11.99,2.05,33.49,453.93,3.0,2025-09-30 23:01:35
3409403.0,5.65,14.67,3.66,0.46,58.62,172.37,1.0,2025-09-30 23:01:36
3409404.0,11.71,23.8,10.78,1.11,38.79,375.32,2.0,2025-09-30 23:01:37
3409405.0,24.22,27.99,8.89,2.84,34.01,283.58,2.0,2025-09-30 23:01:39
3409406.0,9.59,11.95,2.16,1.34,66.82,163.61,2.0,2025-09-30 23:01:40
3409407.0,5.88,7.46,4.07,0.95,46.81,182.26,1.0,2025-09-30 23:01:41
3409408.0,106.92,171.46,47.13,16.72,8.43,1610.9,5.0,2025-09-30 23:01:43
3409409.0,43.3,69.88,23.08,5.13,10.65,803.12,3.0,2025-09-30 23:01:44
3409410.0,8.86,14.48,8.21,9.38,43.98,163.37,1.0,2025-09-30 23:01:45
3409411.0,17.46,20.0,4.54,0.78,12.64,304.2,2.0,2025-09-30 23:01:47
3409412.0,9.59,11.95,2.16,1.34,66.82,163.61,2.0,2025-09-30 23:01:48
3409413.0,9.28,13.0,5.26,1.0,26.77,213.06,1.0,2025-09-30 23:01:49
3409414.0,6.11,8.58,3.5,1.7,44.66,156.85,1.0,2025-09-30 23:01:50
3409415.0,43.39,60.19,10.76,2.98,7.25,444.68,3.0,2025-09-30 23:01:52
3409416.0,10.95,16.85,7.38,5.38,37.3,179.61,2.0,2025-09-30 23:01:53
3409417.0,13.98,18.44,3.87,2.92,62.86,183.02,2.0,2025-09-30 23:01:54
3409418.0,8.17,10.94,5.44,2.79,51.32,172.38,1.0,2025-09-30 23:01:55
3409419.0,7.59,30.72,1.28,0.21,51.44,118.29,2.0,2025-09-30 23:01:57
3409420.0,23.38,63.05,4.95,1.09,56.7,341.66,3.0,2025-09-30 23:01:58
3409421.0,4.78,6.07,5.26,2.34,47.73,175.13,1.0,2025-09-30 23:01:59
3409422.0,14.85,29.24,15.42,1.59,32.0,449.38,2.0,2025-09-30 23:02:01
3409423.0,8.07,12.04,5.35,5.52,52.97,146.28,1.0,2025-09-30 23:02:02
3409424.0,27.18,80.07,6.83,1.88,61.56,359.32,3.0,2025-09-30 23:02:03
3409425.0,11.37,15.82,4.08,3.62,67.6,166.5,2.0,2025-09-30 23:02:05
3409426.0,13.23,19.16,5.81,4.83,50.22,185.2,2.0,2025-09-30 23:02:06
3409427.0,9.94,17.92,10.49,1.83,31.1,319.86,1.0,2025-09-30 23:02:07
3409428.0,13.93,17.78,8.9,3.23,44.2,246.76,2.0,2025-09-30 23:02:09
3409429.0,10.68,14.21,3.98,1.51,52.0,190.1,2.0,2025-09-30 23:02:10
3409430.0,4.19,5.4,3.92,0.5,49.82,173.6,1.0,2025-09-30 23:02:11
3409431.0,11.37,15.82,4.08,3.62,67.6,166.5,2.0,2025-09-30 23:02:13
3409432.0,4.19,5.4,3.92,0.5,49.82,173.6,1.0,2025-09-30 23:02:14
3409433.0,5.24,6.81,4.63,1.38,48.18,176.03,1.0,2025-09-30 23:02:15
3409434.0,9.62,17.96,18.02,5.13,17.64,294.95,1.0,2025-09-30 23:02:16
3409435.0,2.34,3.87,1.65,0.56,35.65,89.44,1.0,2025-09-30 23:02:18
3409436.0,2.43,5.26,1.12,0.44,41.64,84.42,1.0,2025-09-30 23:02:19
3409437.0,2.44,5.06,1.13,0.47,38.43,84.58,1.0,2025-09-30 23:02:20
3409438.0,2.24,3.79,1.63,0.49,40.39,88.97,1.0,2025-09-30 23:02:21
3409439.0,2.24,3.79,1.63,0.49,40.39,88.97,1.0,2025-09-30 23:02:23
3409440.0,4.17,7.11,3.8,0.89,26.25,156.42,1.0,2025-09-30 23:02:24
3409441.0,4.17,7.11,3.8,0.89,26.25,156.42,1.0,2025-09-30 23:02:25
3409442.0,13.28,16.85,3.44,2.29,67.09,177.41,2.0,2025-09-30 23:02:27
3409443.0,9.41,11.6,2.6,1.22,62.93,169.39,2.0,2025-09-30 23:02:28
3409444.0,7.42,26.62,1.78,0.48,50.82,131.72,2.0,2025-09-30 22:56:35
3409445.0,11.37,15.82,4.08,3.62,67.6,166.5,2.0,2025-09-30 23:02:30
3409446.0,3.47,5.62,4.42,0.9,18.32,155.65,1.0,2025-09-30 23:02:31
3409447.0,6.91,9.62,3.87,1.45,41.39,192.64,1.0,2025-09-30 23:02:33
3409448.0,1.86,3.76,4.77,1.06,26.37,127.33,1.0,2025-09-30 23:02:34
3409449.0,1.86,3.76,4.77,1.06,26.37,127.33,1.0,2025-09-30 23:02:35
3409450.0,6.8,11.5,5.58,0.96,52.61,190.5,1.0,2025-09-30 23:02:37
3409451.0,,,,,,,,
3409452.0,1.64,3.18,4.34,1.03,27.94,118.55,1.0,2025-09-30 23:13:59
3409453.0,4.25,6.81,4.96,5.23,27.45,121.77,1.0,2025-09-30 23:14:00
3409454.0,5.8,8.63,8.23,8.01,21.41,155.13,1.0,2025-09-30 23:14:02
3409455.0,2.35,5.86,0.54,0.37,43.23,80.62,1.0,2025-09-30 23:14:03
3409456.0,4.49,7.16,4.31,0.97,22.65,174.08,1.0,2025-09-30 23:14:04
3409457.0,1.36,2.48,2.82,0.46,26.34,98.54,1.0,2025-09-30 23:14:05
3409458.0,5.62,8.42,4.6,0.75,21.92,192.18,1.0,2025-09-30 23:14:07
3409459.0,5.62,8.42,4.6,0.75,21.92,192.18,1.0,2025-09-30 23:14:08
3409460.0,3.11,5.64,5.94,1.83,22.36,145.81,1.0,2025-09-30 23:14:09
3409461.0,3.11,5.64,5.94,1.83,22.36,145.81,1.0,2025-09-30 23:14:10
3409462.0,5.87,9.59,8.95,2.86,16.58,202.77,1.0,2025-09-30 23:14:12
3409463.0,2.07,3.89,4.03,0.94,25.02,125.41,1.0,2025-09-30 23:14:13
3409464.0,6.56,9.6,4.75,1.07,23.16,199.49,1.0,2025-09-30 23:14:14
3409465.0,6.56,9.6,4.75,1.07,23.16,199.49,1.0,2025-09-30 23:14:15
3409466.0,1.63,3.74,3.17,0.68,24.57,124.81,1.0,2025-09-30 23:14:17
3409467.0,1.48,3.47,2.81,0.63,27.5,124.36,1.0,2025-09-30 23:14:18
3409468.0,6.56,9.6,4.75,1.07,23.16,199.49,1.0,2025-09-30 23:14:19
3409469.0,2.01,5.08,0.16,0.39,43.76,74.37,1.0,2025-09-30 23:14:20
3409470.0,2.25,5.94,0.09,0.25,43.69,73.82,1.0,2025-09-30 23:14:21
3409471.0,2.12,5.62,0.09,0.25,43.99,74.12,1.0,2025-09-30 23:14:23
3409472.0,2.01,5.08,0.16,0.39,43.76,74.37,1.0,2025-09-30 23:14:24
3409473.0,5.45,7.98,11.6,7.11,19.23,171.67,1.0,2025-09-30 23:14:25
3409474.0,5.34,8.1,10.55,6.15,18.38,165.34,1.0,2025-09-30 23:14:27
3409475.0,2.12,5.62,0.09,0.25,43.99,74.12,1.0,2025-09-30 23:14:28
3409476.0,2.12,5.62,0.09,0.25,43.99,74.12,1.0,2025-09-30 23:14:30
3409477.0,2.12,5.62,0.09,0.25,43.99,74.12,1.0,2025-09-30 23:14:31
3409478.0,2.01,5.08,0.16,0.39,43.76,74.37,1.0,2025-09-30 23:14:33
3409479.0,1.98,5.29,0.09,0.25,44.3,74.42,1.0,2025-09-30 23:14:34
3409480.0,1.84,4.5,0.08,0.23,43.62,73.64,1.0,2025-09-30 23:14:35
3409481.0,1.84,4.26,0.09,0.22,43.13,73.11,1.0,2025-09-30 23:14:37
3409482.0,1.98,5.29,0.09,0.25,44.3,74.42,1.0,2025-09-30 23:14:38
3409483.0,1.98,5.29,0.09,0.25,44.3,74.42,1.0,2025-09-30 23:14:39
3409484.0,2.17,5.43,0.25,0.55,43.4,74.57,1.0,2025-09-30 23:14:40
3409485.0,2.17,5.43,0.25,0.55,43.4,74.57,1.0,2025-09-30 23:14:42
3409486.0,1.98,5.29,0.09,0.25,44.3,74.42,1.0,2025-09-30 23:14:43
3409487.0,2.12,5.62,0.09,0.25,43.99,74.12,1.0,2025-09-30 23:14:45
3409488.0,9.15,11.17,3.6,1.53,20.04,199.85,1.0,2025-09-30 23:14:46
3409489.0,9.86,13.49,3.71,1.65,17.29,206.06,1.0,2025-09-30 23:14:48
3409492.0,11.19,15.65,6.73,2.2,33.35,201.01,2.0,2025-09-30 23:14:49
3409493.0,9.94,13.93,6.25,2.43,35.3,196.95,1.0,2025-09-30 23:14:51
3409494.0,7.71,13.04,10.77,9.96,36.96,176.33,1.0,2025-09-30 23:14:52
3409495.0,7.8,12.79,4.88,5.9,50.57,151.08,1.0,2025-09-30 23:14:53
3409497.0,2.52,8.16,0.13,0.4,40.37,75.1,1.0,2025-09-30 23:14:55
3409498.0,6.11,8.58,3.5,1.7,44.66,156.85,1.0,2025-09-30 23:14:56
3409499.0,6.11,8.58,3.5,1.7,44.66,156.85,1.0,2025-09-30 23:14:57
3409500.0,6.11,8.58,3.5,1.7,44.66,156.85,1.0,2025-09-30 23:14:59
3409501.0,6.11,8.58,3.5,1.7,44.66,156.85,1.0,2025-09-30 23:15:00
3409502.0,34.27,54.28,13.94,4.97,4.82,644.59,3.0,2025-09-30 23:15:02
3409503.0,55.65,60.89,3.55,1.09,10.09,271.83,4.0,2025-09-30 23:15:03
3409504.0,27.87,33.92,7.82,2.32,9.68,339.2,3.0,2025-09-30 23:15:05
3409505.0,13.37,15.69,1.07,0.75,58.07,152.18,2.0,2025-09-30 23:15:06
3409506.0,20.01,25.73,4.59,1.64,41.21,239.09,2.0,2025-09-30 23:15:07
3409507.0,28.23,39.5,10.19,3.05,14.88,380.62,3.0,2025-09-30 23:15:09
3409508.0,13.37,15.69,1.07,0.75,58.07,152.18,2.0,2025-09-30 23:15:10
3409509.0,9.8,11.43,0.9,1.47,63.64,159.41,2.0,2025-09-30 23:15:12
3409510.0,2.23,5.98,0.09,0.28,44.54,74.8,1.0,2025-09-30 23:15:13
3409511.0,1.98,5.29,0.09,0.25,44.3,74.42,1.0,2025-09-30 23:15:14
3409512.0,2.01,5.08,0.16,0.39,43.76,74.37,1.0,2025-09-30 23:15:16
3409513.0,1.98,5.29,0.09,0.25,44.3,74.42,1.0,2025-09-30 23:15:17
3409514.0,1.98,5.29,0.09,0.25,44.3,74.42,1.0,2025-09-30 23:15:19
3409515.0,9.86,13.49,3.71,1.65,17.29,206.06,1.0,2025-09-30 23:15:20
3409516.0,1.19,2.86,4.03,1.92,37.29,126.46,1.0,2025-09-30 23:15:22
3409517.0,2.53,7.27,2.56,1.54,34.41,111.41,1.0,2025-09-30 23:15:23
3409518.0,9.94,13.93,6.25,2.43,35.3,196.95,1.0,2025-09-30 23:15:24
3409519.0,15.46,26.83,14.08,1.64,31.8,553.54,2.0,2025-09-30 23:15:26
3409520.0,65.41,78.39,17.43,16.04,7.73,588.59,4.0,2025-09-30 23:15:27
3409521.0,70.79,85.5,15.78,11.29,10.22,589.01,4.0,2025-09-30 23:15:29
3409522.0,82.95,97.78,18.8,15.44,11.04,662.19,5.0,2025-09-30 23:15:30
3409523.0,2.44,5.06,1.13,0.47,38.43,84.58,1.0,2025-09-30 23:15:31
3409524.0,8.24,9.55,0.65,1.04,57.77,147.1,1.0,2025-09-30 23:15:33
3409525.0,82.95,97.78,18.8,15.44,11.04,662.19,5.0,2025-09-30 23:15:34
3409526.0,2.24,3.79,1.63,0.49,40.39,88.97,1.0,2025-09-30 23:15:36
3409527.0,6.65,13.96,11.56,2.93,10.52,279.31,1.0,2025-09-30 23:15:37
3409528.0,2.44,5.06,1.13,0.47,38.43,84.58,1.0,2025-09-30 23:15:39
3409529.0,65.41,78.39,17.43,16.04,7.73,588.59,4.0,2025-09-30 23:15:40
3409530.0,9.8,11.43,0.9,1.47,63.64,159.41,2.0,2025-09-30 23:15:41
3410003.0,3.72,9.0,0.24,0.15,26.28,73.51,1.0,2025-09-30 23:15:43
3410004.0,15.46,26.83,14.08,1.64,31.8,553.54,2.0,2025-09-30 23:15:44
3410005.0,2.24,3.79,1.63,0.49,40.39,88.97,1.0,2025-09-30 23:15:45
3774726.0,6.35,13.66,14.42,4.08,12.05,321.78,1.0,2025-09-30 23:11:31
4296966.0,55.32,90.68,20.73,2.84,60.9,658.09,4.0,2025-09-30 23:15:48
4512170.0,60.87,96.36,18.61,3.29,61.76,616.54,4.0,2025-09-30 23:15:49
4515157.0,84.16,102.84,10.26,3.46,59.81,652.05,5.0,2025-09-30 23:15:51
4527035.0,79.84,98.06,10.72,3.23,58.56,648.05,5.0,2025-09-30 23:15:52
4527173.0,84.16,102.84,10.26,3.46,59.81,652.05,5.0,2025-09-30 23:15:53
4527306.0,84.16,102.84,10.26,3.46,59.81,652.05,5.0,2025-09-30 23:15:55
4527402.0,84.16,102.84,10.26,3.46,59.81,652.05,5.0,2025-09-30 23:15:56
4535267.0,79.84,98.06,10.72,3.23,58.56,648.05,5.0,2025-09-30 23:15:58
4554236.0,55.32,90.68,20.73,2.84,60.9,658.09,4.0,2025-09-30 23:15:59
4554729.0,79.84,98.06,10.72,3.23,58.56,648.05,5.0,2025-09-30 23:16:00
4555745.0,85.15,103.91,9.57,3.29,63.32,660.32,5.0,2025-09-30 23:16:02
4556719.0,55.32,90.68,20.73,2.84,60.9,658.09,4.0,2025-09-30 23:16:03
4557686.0,84.16,102.84,10.26,3.46,59.81,652.05,5.0,2025-09-30 23:16:05
4565419.0,55.32,90.68,20.73,2.84,60.9,658.09,4.0,2025-09-30 23:16:06
4565932.0,55.32,90.68,20.73,2.84,60.9,658.09,4.0,2025-09-30 23:16:07
4565933.0,79.84,98.06,10.72,3.23,58.56,648.05,5.0,2025-09-30 23:16:08
4566426.0,55.32,90.68,20.73,2.84,60.9,658.09,4.0,2025-09-30 23:16:10
4566427.0,79.84,98.06,10.72,3.23,58.56,648.05,5.0,2025-09-30 23:16:11
4567363.0,55.32,90.68,20.73,2.84,60.9,658.09,4.0,2025-09-30 23:16:12
4567364.0,56.47,87.89,16.16,2.73,65.33,626.5,4.0,2025-09-30 23:16:14
4567932.0,55.32,90.68,20.73,2.84,60.9,658.09,4.0,2025-09-30 23:16:15
4568423.0,79.84,98.06,10.72,3.23,58.56,648.05,5.0,2025-09-30 23:16:17
4568424.0,51.98,88.98,13.42,2.34,73.05,512.24,4.0,2025-09-30 23:16:18
4579733.0,55.32,90.68,20.73,2.84,60.9,658.09,4.0,2025-09-30 23:15:48
4600078.0,74.36,134.64,14.41,2.59,67.21,533.4,4.0,2025-09-30 23:16:21
4605118.0,75.49,138.15,13.82,2.27,65.73,519.29,5.0,2025-09-30 23:16:22
4605119.0,79.84,98.06,10.72,3.23,58.56,648.05,5.0,2025-09-30 23:16:23
4605120.0,75.49,138.15,13.82,2.27,65.73,519.29,5.0,2025-09-30 23:16:25
4607067.0,74.36,134.64,14.41,2.59,67.21,533.4,4.0,2025-09-30 23:16:26
4607068.0,75.49,138.15,13.82,2.27,65.73,519.29,5.0,2025-09-30 23:16:27
4608419.0,69.56,127.14,12.48,1.95,70.24,467.97,4.0,2025-09-30 23:16:29
4608421.0,79.84,98.06,10.72,3.23,58.56,648.05,5.0,2025-09-30 23:16:30
4608422.0,55.32,90.68,20.73,2.84,60.9,658.09,4.0,2025-09-30 23:16:31
4608423.0,75.49,138.15,13.82,2.27,65.73,519.29,5.0,2025-09-30 23:16:33
4609261.0,74.53,92.22,11.87,3.18,53.81,635.78,4.0,2025-09-30 23:16:34
4609262.0,75.49,138.15,13.82,2.27,65.73,519.29,5.0,2025-09-30 23:16:27
4609307.0,75.49,138.15,13.82,2.27,65.73,519.29,5.0,2025-09-30 23:16:27
4609353.0,74.53,92.22,11.87,3.18,53.81,635.78,4.0,2025-09-30 23:16:38
4609354.0,74.36,134.64,14.41,2.59,67.21,533.4,4.0,2025-09-30 23:16:39
4614770.0,75.49,138.15,13.82,2.27,65.73,519.29,5.0,2025-09-30 23:16:41
4616262.0,55.32,90.68,20.73,2.84,60.9,658.09,4.0,2025-09-30 23:16:42
4618315.0,55.92,93.71,34.59,3.41,42.41,847.59,4.0,2025-09-30 23:16:44
4618814.0,79.84,98.06,10.72,3.23,58.56,648.05,5.0,2025-09-30 23:16:45
4629400.0,84.56,106.11,13.5,3.47,60.27,732.78,5.0,2025-09-30 23:16:46
4629401.0,84.56,106.11,13.5,3.47,60.27,732.78,5.0,2025-09-30 23:16:48
4630451.0,84.56,106.11,13.5,3.47,60.27,732.78,5.0,2025-09-30 23:16:49
4645154.0,75.49,138.15,13.82,2.27,65.73,519.29,5.0,2025-09-30 23:16:33
4663956.0,14.07,22.8,11.08,1.38,41.94,491.76,2.0,2025-09-30 23:16:52
4698865.0,79.84,98.06,10.72,3.23,58.56,648.05,5.0,2025-09-30 23:16:53
4700982.0,79.84,98.06,10.72,3.23,58.56,648.05,5.0,2025-09-30 23:16:55
4708999.0,84.56,106.11,13.5,3.47,60.27,732.78,5.0,2025-09-30 23:17:01
4710567.0,84.56,106.11,13.5,3.47,60.27,732.78,5.0,2025-09-30 23:17:02
4712030.0,84.56,106.11,13.5,3.47,60.27,732.78,5.0,2025-09-30 23:17:03
4712608.0,84.56,106.11,13.5,3.47,60.27,732.78,5.0,2025-09-30 23:17:05
4720578.0,4.97,7.72,7.48,3.8,34.06,157.03,1.0,2025-09-30 23:17:06
4721112.0,84.56,106.11,13.5,3.47,60.27,732.78,5.0,2025-09-30 23:17:07
4721113.0,84.56,106.11,13.5,3.47,60.27,732.78,5.0,2025-09-30 23:17:09
4722655.0,84.56,106.11,13.5,3.47,60.27,732.78,5.0,2025-09-30 23:17:10
4723667.0,84.56,106.11,13.5,3.47,60.27,732.78,5.0,2025-09-30 23:17:11
4725232.0,81.89,102.51,14.8,4.11,63.82,743.99,5.0,2025-09-30 23:17:13
4755317.0,28.84,74.16,6.23,0.98,60.77,398.35,3.0,2025-09-30 23:17:14
4756281.0,33.81,70.01,10.15,1.29,46.52,484.57,3.0,2025-09-30 23:17:15
4757305.0,79.84,98.06,10.72,3.23,58.56,648.05,5.0,2025-09-30 23:17:17
4757794.0,30.29,72.93,7.44,1.06,58.02,411.17,3.0,2025-09-30 23:17:18
4760841.0,28.84,74.16,6.23,0.98,60.77,398.35,3.0,2025-09-30 23:17:20
4769229.0,33.81,70.01,10.15,1.29,46.52,484.57,3.0,2025-09-30 23:17:21
4770827.0,28.84,74.16,6.23,0.98,60.77,398.35,3.0,2025-09-30 23:17:22
4771378.0,28.84,74.16,6.23,0.98,60.77,398.35,3.0,2025-09-30 23:17:24
4779254.0,33.81,70.01,10.15,1.29,46.52,484.57,3.0,2025-09-30 23:17:25
4779736.0,33.81,70.01,10.15,1.29,46.52,484.57,3.0,2025-09-30 23:17:15
4780772.0,33.81,70.01,10.15,1.29,46.52,484.57,3.0,2025-09-30 23:17:27
4782810.0,26.74,98.75,1.23,0.25,84.49,322.94,3.0,2025-09-30 23:17:29
4790880.0,26.74,98.75,1.23,0.25,84.49,322.94,3.0,2025-09-30 23:17:31
4791416.0,84.56,106.11,13.5,3.47,60.27,732.78,5.0,2025-09-30 23:17:32
4791923.0,26.74,98.75,1.23,0.25,84.49,322.94,3.0,2025-09-30 23:17:33
4792427.0,84.56,106.11,13.5,3.47,60.27,732.78,5.0,2025-09-30 23:17:35
4792428.0,26.74,98.75,1.23,0.25,84.49,322.94,3.0,2025-09-30 23:17:36
4793474.0,26.74,98.75,1.23,0.25,84.49,322.94,3.0,2025-09-30 23:17:38
4801603.0,82.42,101.02,10.22,4.18,75.16,652.64,5.0,2025-09-30 23:17:39
4802178.0,26.74,98.75,1.23,0.25,84.49,322.94,3.0,2025-09-30 23:17:40
4802678.0,25.71,93.48,1.41,0.37,83.49,315.44,3.0,2025-09-30 23:17:42
4803208.0,84.56,106.11,13.5,3.47,60.27,732.78,5.0,2025-09-30 23:17:01
4803719.0,26.74,98.75,1.23,0.25,84.49,322.94,3.0,2025-09-30 23:17:33
4803720.0,84.56,106.11,13.5,3.47,60.27,732.78,5.0,2025-09-30 23:17:46
4804766.0,26.74,98.75,1.23,0.25,84.49,322.94,3.0,2025-09-30 23:17:33
4804768.0,26.74,98.75,1.23,0.25,84.49,322.94,3.0,2025-09-30 23:17:49
4805270.0,25.71,93.48,1.41,0.37,83.49,315.44,3.0,2025-09-30 23:17:50
4814172.0,26.74,98.75,1.23,0.25,84.49,322.94,3.0,2025-09-30 23:17:52
4814248.0,26.74,98.75,1.23,0.25,84.49,322.94,3.0,2025-09-30 23:17:53
4814288.0,26.74,98.75,1.23,0.25,84.49,322.94,3.0,2025-09-30 23:17:54
4816826.0,26.74,98.75,1.23,0.25,84.49,322.94,3.0,2025-09-30 23:17:56
4834565.0,52.83,66.9,7.16,3.93,78.38,476.73,4.0,2025-09-30 23:17:57
4834608.0,52.83,66.9,7.16,3.93,78.38,476.73,4.0,2025-09-30 23:17:59
4837112.0,80.9,99.32,12.2,4.75,74.38,688.12,5.0,2025-09-30 23:18:00
4837114.0,52.83,66.9,7.16,3.93,78.38,476.73,4.0,2025-09-30 23:18:01
4837115.0,80.9,99.32,12.2,4.75,74.38,688.12,5.0,2025-09-30 23:18:02
4837165.0,80.9,99.31,11.53,4.24,69.95,679.35,5.0,2025-09-30 23:18:04
4837166.0,52.83,66.9,7.16,3.93,78.38,476.73,4.0,2025-09-30 23:18:05
4838124.0,52.83,66.9,7.16,3.93,78.38,476.73,4.0,2025-09-30 23:18:07
4845646.0,80.9,99.31,11.53,4.24,69.95,679.35,5.0,2025-09-30 23:18:08
4845647.0,52.83,66.9,7.16,3.93,78.38,476.73,4.0,2025-09-30 23:18:09
4846142.0,80.9,99.31,11.53,4.24,69.95,679.35,5.0,2025-09-30 23:18:11
4846143.0,52.83,66.9,7.16,3.93,78.38,476.73,4.0,2025-09-30 23:18:12
4847174.0,52.83,66.9,7.16,3.93,78.38,476.73,4.0,2025-09-30 23:18:13
4847175.0,52.83,66.9,7.16,3.93,78.38,476.73,4.0,2025-09-30 23:18:15
4847176.0,80.9,99.31,11.53,4.24,69.95,679.35,5.0,2025-09-30 23:18:08
4847674.0,83.33,101.99,10.0,3.88,71.22,655.19,5.0,2025-09-30 23:18:17
4848174.0,52.83,66.9,7.16,3.93,78.38,476.73,4.0,2025-09-30 23:18:18
4848175.0,80.9,99.31,11.53,4.24,69.95,679.35,5.0,2025-09-30 23:18:20
4849914.0,80.9,99.31,11.53,4.24,69.95,679.35,5.0,2025-09-30 23:18:11
4852891.0,51.62,67.34,8.68,3.4,68.26,506.27,4.0,2025-09-30 23:18:22
4854007.0,52.83,66.9,7.16,3.93,78.38,476.73,4.0,2025-09-30 23:18:24
4854008.0,52.83,66.9,7.16,3.93,78.38,476.73,4.0,2025-09-30 23:18:25
4854009.0,83.33,101.99,10.0,3.88,71.22,655.19,5.0,2025-09-30 23:18:17
4854513.0,83.33,101.99,10.0,3.88,71.22,655.19,5.0,2025-09-30 23:18:27
4854514.0,51.62,67.34,8.68,3.4,68.26,506.27,4.0,2025-09-30 23:18:29
4855550.0,80.9,99.31,11.53,4.24,69.95,679.35,5.0,2025-09-30 23:18:30
4855551.0,80.9,99.31,11.53,4.24,69.95,679.35,5.0,2025-09-30 23:18:32
4865063.0,52.83,66.9,7.16,3.93,78.38,476.73,4.0,2025-09-30 23:18:39
4866055.0,52.83,66.9,7.16,3.93,78.38,476.73,4.0,2025-09-30 23:18:07
4867094.0,52.83,66.9,7.16,3.93,78.38,476.73,4.0,2025-09-30 23:17:57
4876581.0,52.83,66.9,7.16,3.93,78.38,476.73,4.0,2025-09-30 23:17:59
4877120.0,52.83,66.9,7.16,3.93,78.38,476.73,4.0,2025-09-30 23:18:44
4884063.0,55.32,90.68,20.73,2.84,60.9,658.09,4.0,2025-09-30 23:16:12
4889110.0,10.28,17.93,5.99,4.4,46.77,240.25,2.0,2025-09-30 23:18:46
4897485.0,10.28,17.93,5.99,4.4,46.77,240.25,2.0,2025-09-30 23:18:47
4908792.0,73.67,91.46,12.93,3.69,48.3,638.44,4.0,2025-09-30 23:18:49
4916349.0,6.3,7.44,4.75,0.99,47.43,190.67,1.0,2025-09-30 23:18:50
4917341.0,55.32,90.68,20.73,2.84,60.9,658.09,4.0,2025-09-30 23:18:52
4952332.0,75.49,138.15,13.82,2.27,65.73,519.29,5.0,2025-09-30 23:18:53
5057509.0,5.04,8.89,2.36,1.48,54.08,115.83,1.0,2025-09-30 23:18:54
5105944.0,44.82,51.36,6.42,2.37,22.67,369.98,3.0,2025-09-30 23:18:56
5311872.0,26.74,98.75,1.23,0.25,84.49,322.94,3.0,2025-09-30 23:18:57
5325356.0,84.56,106.11,13.5,3.47,60.27,732.78,5.0,2025-09-30 23:18:58
5371016.0,55.32,90.68,20.73,2.84,60.9,658.09,4.0,2025-09-30 23:16:49
5371017.0,55.32,90.68,20.73,2.84,60.9,658.09,4.0,2025-09-30 23:16:49
5526280.0,2.95,3.21,0.49,0.11,12.75,121.72,1.0,2025-09-30 23:19:02
5728639.0,60.87,96.36,18.61,3.29,61.76,616.54,4.0,2025-09-30 23:19:04
